Organization/Person Name,Website,Contact Email
Bpifrance,https://www.bpifrance.com,F3A@bpifrance.fr
Venture Kick,http://www.venturekick.ch,info@venturekick.ch
Innovate UK,http://www.innovateuk.gov.uk,support@innovateuk.ukri.org
Wayra,https://www.wayra.com,wayra@wayra.org
Global Founders Capital,https://www.globalfounderscapital.com,contact@globalfounderscapital.com
HTGF (High-Tech Gruenderfonds),https://www.htgf.de,info@htgf.de
Enterprise Ireland,http://enterprise-ireland.com,equitydept@enterprise-ireland.com
Hiventures,https://hiventures.hu/hu,info@hiventures.hu
SFC Capital,http://www.sfccapital.com/,info@sfccapital.com
Technology Development Fund,https://en.rannis.is/funding/research/technology-development-fund,rannis@rannis.is
Seedcamp,http://www.seedcamp.com,info@seedcamp.com
Startup Wise Guys,https://startupwiseguys.com/,info@startupwiseguys.com
Almi Invest,https://www.almi.se/en/venture-capital/,anna.wennerstein@almiinvest.se
Startupbootcamp,http://www.startupbootcamp.org,info@startupbootcamp.org
Partech,https://partechpartners.com,media@partechpartners.com
Northstar Ventures,http://www.northstarventures.co.uk,hello@northstarventures.co.uk
Speedinvest,http://speedinvest.com,office@speedinvest.com
HV Capital,http://www.hvcapital.com,info@hvcapital.com
3i Group,http://www.3i.com,irteam@3i.com
Business Growth Fund,https://www.bgf.co.uk,enquiries@businessgrowthfund.co.uk
Entrepreneurs First,http://www.joinef.com,info@joinef.com
Internet Initiatives Development Fund (IIDF),https://www.iidf.ru,info@iidf.ru
AGORANOV,http://www.agoranov.com/,courrier@agoranov.com
Octopus Ventures,http://www.octopusventures.com,info@octopusvnetures.com
Balderton Capital,http://www.balderton.com,inbound@balderton.com
European Investment Bank,https://www.eib.org,Infodesk@eib.org
Idinvest Partners,http://www.idinvest.com,contact@idinvest.com
LocalGlobe,http://www.localglobe.vc,rose@localglobe.vc
Pitch@Palace,http://pitchatpalace.com,support@pitchatpalace.com
British International Investment,https://www.bii.co.uk,enquiries@bii.co.uk
Future Planet Capital,https://futureplanetcapital.com,info@futureplanetcapital.com
Novo Holdings,https://www.novoholdings.dk,cims@novo.dk
Par Equity,http://www.parequity.com,info@parequity.com
Scottish Investment Bank,https://www.scottish-enterprise.com/our-organisation/about-us/who-we-work-with/scottish-investment-bank,advice@scotent.co.uk
Scottish Enterprise,http://www.scottish-enterprise.com/,enquiries@scotent.co.uk
Sofinnova Partners,https://www.sofinnovapartners.com,info@sofinnovapartners.com
Outlier Ventures,https://www.outlierventures.io,contact@outlierventures.io
Tenity,https://www.tenity.com,info@tenity.com
Parkwalk Advisors,https://parkwalkadvisors.com/,enquiries@parkwalkadvisors.com
Seedrs,http://www.seedrs.com,support@seedrs.com
Eleven Ventures,http://11.vc,eleven@11.me
European Bank for Reconstruction and Development,https://www.ebrd.com,info@ebrd.com
Picus Capital,http://www.picuscap.com,info@picuscap.com
Portugal Ventures,http://www.portugalventures.pt,contact@portugalventures.pt
Eurazeo,https://www.eurazeo.com,accueil@eurazeo.com
Sting,http://www.sting.co,maria.ljungberg@sting.co
Foundation for Innovation and Technology (FIT),https://fondation-fit.ch/en/who-is-fit/,info@fondation-fit.ch
Ascension,https://www.ascension.vc,info@ascension.vc
Point Nine,http://www.pointnine.com,info@pointninecap.com
IP Group,http://www.ipgroupplc.com,media@ipgroupplc.com
Seventure Partners,http://www.seventure.fr,contact@seventure.fr
Development Bank of Wales,https://developmentbank.wales/,info@developmentbank.wales
SICTIC,http://www.sictic.ch/,info@sictic.ch
Amadeus Capital Partners,https://amadeuscapital.com,info@amadeuscapital.com
Creandum,http://www.creandum.com,info@creandum.com
Novartis Venture Fund,http://www.nvfund.com,klydon@sosei.com
Lanzadera Accelerator,http://www.lanzadera.es/,info@lanzadera.es
Anthemis,http://www.anthemis.com,ecosystemteam@anthemis.com
Omnes Capital,https://www.omnescapital.com/en/,contact@omnescapital.com
Vaekstfonden,http://www.vf.dk,vf@vf.dk
Bayern Kapital,https://bayernkapital.de,info@bayernkapital.de
tech2b Inkubator,http://tech2b.at/,office@tech2b.at
Rockstart,http://www.rockstart.com/,team@rockstart.com
b2venture,http://www.b2venture.vc,berlin@b2venture.vc
HBM Healthcare Investments,http://www.hbmhealthcare.com,info@hbmhealthcare.com
Atomico,http://www.atomico.com,contact@atomico.com
IBB Ventures,https://www.ibbventures.de/,info@ibbventures.de
Wellington Partners,http://www.wellington-partners.com,businessplan@wellington-partners.com
Notion Capital,https://notion.vc,info@notion.vc
Verve Ventures,http://verve.vc,info@verve.vc
EIT InnoEnergy,http://www.innoenergy.com,benelux@innoenergy.com
Chalmers Ventures AB,http://www.chalmersventures.com/,info@chalmersventures.com
Deutsche Bank,https://www.db.com,deutsche.bank@db.com
Alven,https://www.alven.co/,contact@alven.com
EIT Digital Accelerator,https://www.eitdigital.eu/accelerator/,accelerator@eitdigital.eu
Apax Partners,http://www.apax.com/,Communications@apax.com
MMC Ventures,http://www.mmc.vc,fundenquiries@mmc.vc
Cherry Ventures,http://www.cherry.vc,press@cherry.vc
Atlantic Labs,http://www.atlanticlabs.de,info@atlanticlabs.de
RTP Global,https://rtp.vc/,info@rtp.vc
Molten Ventures,https://www.moltenventures.com,info@molten.vc
360 Capital,https://360cap.vc/,info@360cap.vc
XAnge,https://www.xange.vc,contact@xange.fr
The FSE Group,http://www.thefsegroup.com,fundingenquiries@thefsegroup.com
Target Global,http://www.targetglobal.vc,info@targetglobal.vc
Seed Capital,http://www.seedcapital.dk,info@seedcapital.dk
Ventech,http://www.ventechvc.com,contact@ventechvc.com
Project A Ventures,http://www.project-a.com,info@project-a.com
TA Ventures,http://www.taventures.vc,info@taventures.vc
Inveready,https://inveready.com/,info@inveready.com
Ukrainian Startup Fund,https://usf.com.ua/en,support@usf.com.ua
Industrifonden,http://www.industrifonden.com,info@industrifonden.com
WILCO,http://www.wilco-ambitions.com/,industry@wilco-ambitions.com
Foresight Group,http://www.foresightgroup.eu/,info@foresightgroup.eu
NDRC,http://www.ndrc.ie,info@ndrc.ie
Elaia,https://www.elaia.com,contact@elaia.com
Andera Partners,https://www.anderapartners.com/en/,contact@bper.ch
Maven Capital Partners,https://www.mavencp.com/,enquiries@mavencp.com
Newfund,http://www.newfundcap.com,contact@newfundcap.com
ENISA,http://www.enisa.es,info@enisa.es
Bethnal Green Ventures,https://bethnalgreenventures.com/apply,hello@bethnalgreenventures.com
Innovation Capital,https://www.innovationcapital.bg/,apply@innovationcapital.bg
Aster,http://www.aster.com,contact@aster.com
Lakestar,http://www.lakestar.com,IR@lakestar.com
Salica,https://salicainvestments.com,info@salicainvest.com
Haatch,http://www.haatch.com,hello@haatch.com
DigitalHealth.London Accelerator,http://digitalhealth.london/accelerator/,info@digitalhealth.london
Criteria Venture Tech,https://www.criteriaventuretech.com,tech@criteria.com
Oxford Capital,http://www.oxcp.com,info@oxcp.com
Gimv,http://www.gimv.com,info@gimv.com
KfW,https://www.kfw.de,info@kfw.de
Baillie Gifford,https://www.bailliegifford.com,help@bailliegifford.com
Abingworth,http://www.abingworth.com,info@abingworth.com
Passion Capital,https://www.passioncapital.com/,info@passioncapital.com
EQT Life Sciences,https://www.lspvc.com,lspamsterdam@lspvc.com
Firstminute Capital,https://firstminute.capital/,team@firstminute.capital
Lifeline Ventures,http://www.lifelineventures.com,timo@lifelineventures.com
APX,https://apx.vc/,hello@apx.vc
Hackquarters,http://www.hackquarters.co,hello@hackquarters.co
GSR,https://www.gsr.io,gsr@gsr.io
Mangrove Capital Partners,http://www.mangrove.vc/,deals@mangrove.vc
Normandie Incubation,https://normandie-incubation.com,contact@normandie-incubation.com
LAUNCHub Ventures,https://launchub.com,info@launchub.com
Innosuisse,https://www.innosuisse.ch,info@innosuisse.ch
GoBeyond,https://www.gobeyondinvesting.com/,info@gobeyondinvesting.com
Frontline Ventures,https://www.frontline.vc,info@frontline.vc
Innovacom,https://innovacom.com/,info@innovacom.com
FMO,http://www.fmo.nl/,Paulgregory0000@gmail.com
Janus Henderson Investors,https://www.janushenderson.com/henderson,support@janushenderson.com
Act Venture Capital,http://www.actventure.capital,info@actvc.ie
Techstart Ventures,https://www.techstart.vc/,info@techstart.vc
Belgian Investment Company for Developing Countries,http://www.bio-invest.be/,communications@bio-invest.be
Force Over Mass Capital,http://www.fomcap.com/,info@fomcap.com
Downing Ventures,https://downing.co.uk/ventures/,webinfo@downing.co.uk
IQ Capital,http://www.iqcapital.vc,hello@iqcapital.vc
redalpine,http://www.redalpine.com,info@redalpine.com
Scottish Equity Partners,http://www.sep.co.uk,enquiries@sep.co.uk
Propel Capital,https://sting.co/propel-capital/,emanuel.andersson@sting.co
Rabobank,http://www.rabobank.com,contact@rabobank.com
Auriga Partners,https://www.auriga.vc,entrepreneur@aurigapartners.com
Oxford Science Enterprises,https://oxfordscienceenterprises.com/,hello@oxfordsciences.com
Forbion Capital Partners,http://www.forbion.com,info@forbion.com
Nauta Capital,http://www.nautacapital.com,info@nautacapital.com
LVenture Group,http://www.lventuregroup.com,info@lventuregroup.com
Inventure,https://inventure.vc/,hello@inventure.vc
Kinnevik,http://www.kinnevik.com,info@kinnevik.se
Rocket Internet,https://www.rocket-internet.com/,info@rocket-internet.com
Unilever Ventures,http://www.unileverventures.com,uv.investments@unilever.com
Entrepreneur Venture,https://www.entrepreneurinvest.com,bahri@entrepreneurventure.com
Runa Capital,http://runacap.com,info@runacap.com
Turkey Development Fund,https://www.turkiyekalkinmafonu.com.tr/,info-tkf@kalkinma.com.tr
468 Capital,https://www.468cap.com,contact@468cap.com
AlbionVC,https://www.albion.vc,marketing@albion.capital
ACF Investors,https://www.acfinvestors.com,info@angelcofund.co.uk
Isai,https://www.isai.fr/,info@isai.fr
Fil Rouge Capital (FRC),http://www.filrougecapital.com/,info@filrougecapital.com
InnovX,https://www.innovx.eu/,office@innovx.eu
Serena,http://www.serena.vc,contact@serena.vc
Seraphim Space,https://seraphim.vc,ea@seraphim.vc
Karista,https://www.karista.vc/,contact@karista.vc
Bosch Ventures,http://www.rbvc.com,Info.RBVC@de.bosch.com
IRIS,https://www.iris.vc,contact@iris.vc
Pario Ventures,http://www.parioventures.com,info@parioventures.com
MH Ventures,https://www.mhventures.io/,info@mhventures.io
Mercia Fund Managers,https://www.mercia.co.uk,info@merciafund.co.uk
TGFS - Technologiegründerfonds Sachsen,https://www.cfh.de,info@tgfs.de
Kreos Capital,http://www.kreoscapital.com,info@kreoscapital.com
Seedstars,https://www.seedstars.com/,info@seedstars.com
PSV,https://psv.xyz,pitch@preseedventures.dk
Founders Factory,https://foundersfactory.com/,hello@foundersfactory.com
Star Ventures,http://www.star-ventures.com,info@star-ventures.de
Atlantic Bridge,http://www.abven.com,info@abven.com
Siparex Groupe,http://www.siparex.com,a.gall@siparex.com
LDC,http://www.ldc.co.uk,info@ldc.co.uk
Oxford Technology Management,http://www.oxfordtechnology.com,info@oxfordtechnology.com
Exor Ventures,https://www.exor.com/pages/companies-investments/ventures,seeds@exor.com
Space3ac,http://www.space3.ac/,hello@space3.ac
UBS,https://www.ubs.com,mediarelations@ubs.com
Dawn Capital,http://www.dawncapital.com,deals@dawncapital.com
ZBS CAPITAL,https://zbs.capital,invest@zbs.capital
BOM,https://www.bom.nl/,brabantventures@bom.nl
Cambridge Angels group,http://cambridgeangels.com,info@cambridgeangels.net
Acton Capital,http://www.actoncapital.com,info@actoncapital.com
BREEGA,https://www.breega.com/,com@breega.com
Felix Capital,http://www.felixcap.com,info@felixcap.com
Episode 1,http://www.episode1.com,info@episode1.com
Cathay Capital,https://www.cathaycapital.com,contact@cathay.fr
Credo Ventures,http://www.credoventures.com,info@credoventures.com
SGH CAPITAL,https://www.sghcapital.com,venture@sghcapital.com
BNP Paribas Développement,http://www.bnpparibasdeveloppement.com/,bnpparibas.developpement@bnpparibas.com
AVP,https://www.avpcap.com ,sebastien.loubry@avpcap.com
GO CAPITAL,http://www.gocapital.fr/,contact@gocapital.fr
SyndicateRoom,http://www.syndicateroom.com,contactus@syndicateroom.com
PMV,http://www.pmv.eu/en,info@pmv.eu
Ardian,https://www.ardian.com/,press@ardian.com
Midven,https://midven.co.uk/,enquiries@midven.com
Hummingbird Ventures,http://www.hummingbird.vc,hello@hummingbird.vc
Icebreaker.vc,https://icebreaker.vc/,info@icebreaker.vc
Verdane,http://www.verdane.com,office@verdane.com
Capnamic,http://capnamic.com,info@capnamic.com
Mountain Partners,https://mountain.partners/,contact@mountain.partners
Wellcome Trust,https://wellcome.org,mediaoffice@wellcome.ac.uk
Kurma Partners,http://www.kurmapartners.com,contact@kurmapartners.com
Gilde Healthcare,http://www.gildehealthcare.com,healthcare@gildehealthcare.com
Naxicap Partners,http://www.naxicap.fr,contact_toulouse@naxicap.fr
Kibo Ventures,http://www.kiboventures.com,hello@kiboventures.com
London Co-Investment Fund,http://lcif.co/,hello@fundinglondon.co.uk
Lightrock,https://www.lightrock.com,info@lightrock.com
Roche Venture Fund,http://www.venturefund.roche.com,roche.venturefund@roche.com
UK Innovation & Science Seed Fund,https://ukinnovationscienceseedfund.co.uk,enquiries@UKI2S.co.uk
Investinor,http://www.investinor.no,post@investinor.no
Praetura Ventures,https://www.praeturaventures.com,ventures@praetura.co.uk
Playfair Capital,http://playfair.vc,hello@playfair.vc
UVC Partners,http://www.uvcpartners.com/,pitch@uvcpartners.com
Founders Future,http://www.foundersfuture.com,hello@foundersfuture.com
SpinLab - The HHL Accelerator,https://spinlab.co/,info@spinlab.co
Redstone.VC,http://www.redstone.vc,info@redstone.vc
Wayra UK,https://www.wayra.uk,victor.aloic@wayra.org
EQT,https://eqtgroup.com,press@eqtpartners.com
eCAPITAL ENTREPRENEURIAL PARTNERS,http://www.ecapital.vc,info@ecapital.vc
bmp Ventures,http://www.bmp.com,info@bmp.com
Angel Invest,https://angelinvest.ventures,js@angelinvest.ventures
IMPACT Accelerator,http://www.impact-accelerator.com/,info@impact-accelerator.com
Axel Springer Plug and Play Accelerator,http://www.axelspringerplugandplay.com,PlugandPlay@Axelspringer.de
Investisseurs & Partenaires,http://www.ietp.com/,info@ietp.com
Social Tech Trust,https://socialtechtrust.org/,hello@socialtechtrust.org
Katapult,https://katapult.vc,hello@katapult.vc
K Fund,http://kfund.vc,info@kfund.vc
Hoxton Ventures,https://www.hoxton.vc,info@hoxton.vc
Aglaé Ventures,http://aglaeventures.com/,contact@aglaeventures.com
Target Partners,http://www.targetpartners.de,info@targetpartners.de
YFM Equity Partners,http://www.yfmep.com/,info@yfmep.com
VentureFriends,http://venturefriends.vc,info@venturefriends.vc
Capricorn Partners,http://www.capricorn.be,proposals@capricorn.be
VI Partners,http://www.vipartners.ch/,funding@vipartners.ch
BayBG Venture Capital,https://www.baybg-vc.de/,info@baybg.de
Fabric Ventures,https://www.fabric.vc/,info@fabric.vc
Starquest Capital,https://www.starquest-capital.com/,contact@starquest-capital.com
Claret Capital Partners,https://www.claret-capital.com/,ldavenport@claret-capital.com
JamJar Investments,http://jamjarinvestments.com/,invest@jamjarinvestments.com
La Famiglia,http://lafamiglia.vc/,ciao@lafamiglia.vc
M Capital Partners,http://www.mcapital.fr,contact@mcapitalpartners.fr
FastTrackTech,http://www.intracen.org/e-Trade-for-Impact/Fast-Tracking-Digital-Entrepreneurship-in-Africa/,labbe@intracen.org
Pi Labs,http://www.pilabs.vc,info@pilabs.vc
Alma Mundi Ventures,http://mundiventures.com/,contact@mundiventures.com
Aslanoba Capital,http://www.aslanobacapital.com,contact@aslanobacapital.com
Catapult Ventures,http://www.catapult-ventures.com,mail@catapult-ventures.com
Piton Capital,https://www.pitoncap.com/,info@pitoncap.com
KFW DEG,https://www.deginvest.de,info@deginvest.de
University of Cambridge Enterprise,https://www.enterprise.cam.ac.uk/,enquiries@enterprise.cam.ac.uk
GP Bullhound,http://www.gpbullhound.com,hello.london@gpbullhound.com
NRW.BANK,http://www.nrwbank.de,info@nrwbank.de
Delta Partners,http://www.deltapartners.com/,info@deltapartners.com
TMT Investments,http://tmtinvestments.com,info@tmtinvestments.com
Equity Gap,https://www.equitygap.co.uk,enquiries@equitygap.co.uk
Business Angels Switzerland (BAS),http://www.businessangels.ch/,contact-b@businessangels.ch
Practica Capital,https://www.practica.vc/,info@practica.vc
JME Ventures,http://www.jme.vc/,backme@jme.vc
TVM Capital,http://www.tvm-capital.com,info@tvm-capital.de
The North West Fund,http://www.thenorthwestfund.co.uk,enquiries@thenorthwestfund.co.uk
Incubateur Impulse,https://www.incubateur-impulse.fr,m.defous@incubateur-impulse.com
Northern Powerhouse Investment Fund,http://www.npif.co.uk/,info@british-business-bank.co.uk
Newable Private Investing,https://newable.co.uk/ventures,privateinvesting@newable.co.uk
STRT Holding Nyrt,https://strt.hu,info@strt.hu
AA Sons,http://aasons.io/,contact@aasons.io
Draper B1,https://draperb1.vc/,info@draperb1.vc
Kennet Partners,http://www.kennet.com,info@kennet.com
24 Haymarket,http://24haymarket.com/,contact@24haymarket.com
Sofina,https://www.sofinagroup.com,info@sofinagroup.com
MCI Capital SA,https://mci.pl,office@mci.eu
Acurio Ventures,http://www.acurio.vc,hello@acurio.vc
P101,https://www.p101.it/en/,info@p101.it
Mercia Asset Management,https://www.mercia.co.uk/,info@mercia.co.uk
Calm/Storm Ventures,https://www.calmstorm.vc,hello@calmstorm.vc
ICF Capital,http://www.icf.cat/es/productes-financers/index.html?BotoOp=capital,infoifem@icf.cat
Forward Partners,http://www.forwardpartners.com,seed@forwardpartners.com
Maven 11 Capital,https://www.maven11.com,joost@maven11.com
Worth Capital,https://worthcapital.uk/,info@worthcapital.uk
BNP Paribas Private Equity,http://www.bnpparibas-ip.com,ipcontacts@bnpparibas.com
Alpana Ventures,https://alpana-ventures.ch/,info@alpana-ventures.ch
Finorpa,http://www.finorpa.fr/finorpa-gie,finorpa@finorpa.fr
Foundamental,https://foundamental.com,hello@foundamental.com
coparion,https://www.coparion.vc/en,info@coparion.vc
Club degli Investitori,http://www.clubdeglinvestitori.it/,info@clubdeglinvestitori.it
Kindred Capital,http://www.kindredcapital.vc/,hello@kindredcapital.vc
StartupYard,http://startupyard.com/,info@startupyard.com
UI Investissement,https://www.ui-investissement.com,Paulgregory0000@gmail.com
Angels Capital,http://www.angelscapital.es/,info@angelscapital.es
Seaya,https://seaya.vc,info@seayaventures.com
NAP,https://www.nap.vc/,lena@nap.vc
Digital Magics,http://www.digitalmagics.com,info@digitalmagics.com
Cambridge Innovation Capital,https://www.cic.vc,enquiries@cic.vc
Axeleo Capital,http://www.axc.vc,contact@axc.vc
Creathor Ventures,http://www.creathor.com,creathor@creathor.com
HOWZAT Partners,http://www.howzatpartners.com,info@howzatpartners.com
VNV Global,https://vnv.global,bjorn@vnv.global
Mosaic Ventures,http://www.mosaicventures.com/,hello@mosaicventures.com
CVC Capital Partners,http://www.cvc.com,info@cvc.com
Advent Venture Partners,http://adventventures.com,info@adventventures.com
Angels Den,http://www.angelsden.com,info@angelsden.com
Initial Capital,http://www.initialcapital.com,info@initialcapital.com
Nextech Invest,http://www.nextechinvest.com,info@nextechinvest.com
MIG Capital,http://www.mig.ag/en/,info@mig.ag
Limburgse Reconversie Maatschappij,http://www.lrm.be/en,info@lrm.be
Italian Angels for Growth,http://www.italianangels.net,press@italianangels.net
Cipio Partners,http://www.cipiopartners.com,info@cipiopartners.com
Armilar Venture Partners,http://www.armilar.com/en/,info@armilar.com
Kingsway Capital,http://www.kingswaycap.com,info@kingswaycap.com
50 Partners,http://www.50partners.fr,contact@50partners.fr
TotalEnergies Ventures,https://ventures.totalenergies.com,contact.ventures@total.com
Norrsken VC,https://www.norrsken.org/norrskenvc,info@norrsken.vc
Emerald Technology Ventures,http://www.emerald-ventures.com/,info@emerald-ventures.com
OpenOcean,https://openocean.vc,info@openocean.vc
Motier Ventures,https://www.motier.vc/,contact@motier.vc
Moscow Seed Fund,http://mosinnov.ru/,info@mosinnov.ru
DSM Venturing,https://www.dsm-firmenich.com/ventures,info.venturing@dsm.com
UK Research and Innovation,https://www.ukri.org/,communications@ukri.org
JOINT JOURNEY,http://jjvc.info/,inbox@jjvc.info
H-FARM,http://www.h-farm.com/en/,info@h-farm.com
TEV Ventures,https://www.cuspcapital.com,ideas@tev.de
Demeter,http://demeter-im.com/en,contact@demeter-im.com
Vitruvian Partners,http://www.vitruvianpartners.com,contact@vitruvianpartners.com
Supernova Invest,http://www.supernovainvest.com/,contact@supernovainvest.com
ETF Partners,http://www.etfpartners.capital/,info@etfpartners.capital
Future Energy Ventures,https://fev.vc,contact@fev.vc
Inkef,https://www.inkef.com,info@inkef.com
PROfounders Capital,https://www.profounderscapital.com/,contact@profounderscapital.com
Deepbridge Capital,http://www.deepbridgecapital.com,info@deepbridgecapital.com
BioMedPartners,http://www.biomedvc.com,info@biomedvc.com
Innovation Fund Denmark,http://innovationsfonden.dk,kontakt@innovationsfonden.dk
Aerion Partners,https://www.aerionpartners.com/,info@aerionpartners.com
Maki.vc,https://maki.vc/,lets@maki.vc
Demeter Partners,http://www.demeter-partners.com/,cv@demeter-partners.com
Axon Partners Group,http://axonpartnersgroup.com,maria.capote@axonpartnersgroup.com
LVP,http://www.londonvp.com,info@londonvp.com
ODYSSEE VENTURE,http://www.odysseeventure.com,entrepreneurs@odysseeventure.com
Alesta Yatırım,http://www.alestayatirim.com/,ibrahim.ozer@alestayatirim.com
HCVC,http://hcvc.co/,contact@hardwareclub.co
Flashpoint,http://www.flashpointvc.com/,hello@flashpointvc.com
Bek Ventures,https://www.bekventures.com/,contact@bekventures.com
Export and Investment Fund,https://www.eifo.dk,reception@eifo.dk
Vorwerk Ventures,https://vorwerkventures.com,vorwerk-ventures@vorwerkventures.com
Redbus Ventures,http://www.redbus.uk/,info@redbus.uk
Imprimatur Capital Fund Management,http://www.icfm.lv/,riga@impcap.com
Faraday Venture Partners,https://faradayvp.com/,info@faraday.es
Norfund,https://norfund.no,post@norfund.no
Rheingau Founders,http://rheingau-founders.com,contact@rheingau-founders.com
Santander,https://www.santander.com/,accionistas@santander.com
42CAP,http://www.42cap.com,info@42cap.com
Fonbulucu,https://invest.fonbulucu.com/,info@fonbulucu.com
SODENA,http://www.sodena.com,info@sodena.com
Steadview Capital,http://steadview.com/,inquiries@steadview.com
Otium Capital,https://www.otiumcapital.com/,hello@otiumcapital.com
Collider,http://www.collider.io,hello@collider.io
Illuminate Financial,http://illuminatefinancial.com/,info@illuminatefinancial.com
Actis,https://www.act.is/,info@act.is
Talis Capital,http://www.taliscapital.com,info@taliscapital.com
Blue Horizon Corporation,https://www.bluehorizon.com/,info@bluehorizon.com
Club Italia Investimenti 2,http://www.cii2.com,team@cii2.com
aws Gründungsfonds,http://www.gruenderfonds.at,office@gruenderfonds.at
Pentech Ventures,https://pentech.vc/,info@pentechvc.com
Kelvin Capital,https://www.kelvincapital.com/,theteam@kelvincapital.com
Grazia Equity,http://www.grazia.com/en/,info@grazia.com
InnovationQuarter,http://www.innovationquarter.nl/,info@innovationquarter.nl
Generation Investment Management,http://www.generationim.com,genfound@generationim.com
CapHorn Invest,https://caphorn.vc/,info@caphorn.vc
Archangels,http://www.archangelsonline.com,investment@archangelsonline.com
Demium Capital,https://demium.com/demium-capital/,hello@demium.com
Manta Ray Ventures,https://mantaray.vc/,contact@mantaray.vc
DTCP,https://www.dtcp.capital,info@dtcp.capital
Presto Ventures,https://www.prestoventures.com/,hello@prestoventures.com
Adara Ventures,http://www.adara.vc,info@adara.vc
Butterfly Ventures,http://butterfly.vc,juho@butterfly.vc
Smedvig Ventures,http://www.smedvig.vc,hello@smedvig.vc
Ysios Capital,http://www.ysioscapital.com,ysios@ysioscapital.com
Triple Point Ventures,http://www.triplepoint.co.uk/,contact@triplepoint.co.uk
Fasanara Capital,https://www.fasanara.com,investor.relations@fasanara.com
NPIF – Mercia Equity Finance,https://www.mercia.co.uk/npif-equity-finance/,info@mercia.co.uk
Evolem Start,http://www.evolem.com,thomas.rival@evolem.com
Innovation Nest,http://www.innovationnest.co,partners@innovationnest.co
Eden Ventures,http://www.edenventures.co.uk,info@edenventures.co.uk
Superhero Capital,http://superherocapital.com,nexthero@superherocapital.com
Innovestor,http://www.innovestorgroup.com/,info@innovestor.fi
Accelerace,http://www.accelerace.io,info@accelerace.io
Saarbruecker 21,https://www.sb21.de/,contact@sb21.de
10x Founders,https://www.10xfounders.com/,info@10xfounders.com
Maxis,https://www.maxisgs.com,info@maxisgirisimpys.com.tr
Momenta,https://www.momenta.one,info@momenta.one
True.,http://www.true.global,enquiries@true.global
MVM Life Science Partners,http://mvm.com,info@mvm.com
Volta Ventures,http://www.volta.ventures,info@voltaventures.eu
The Family,http://thefamily.co,welcome@thefamily.co
Prosus,http://www.prosus.com,investorrelations@naspers.com
BStartup,http://bstartup.bancsabadell.com/,bstartup@bancsabadell.com
Innovation Norway,http://www.innovasjonnorge.no/,post@innovasjonnorge.no
Visionplus,http://www.visionplus.fi,info@visionplus.fi
Orange Ventures,http://ventures.orange.com/,digital.ventures@orange.com
Big Sur Ventures,https://www.bigsurventures.vc/,info@bigsurventures.vc
Elkstone Capital Partners,https://www.elkstonepartners.com/ventures/,venture@elkstoneprivate.com
UNIIQ,http://uniiq.nl/,contact@uniiq.nl
Reflex Capital,https://www.reflexcapital.com,info@reflexcapital.com
Concentric,http://www.concentric.vc,info@concentric.vc
Meusinvest (Noshaq),https://noshaq.be/en/,info@meusinvest.be
Sofimac Investment Managers,http://www.sofimacpartners.com,info@sofimacpartners.com
Mercuri,https://www.mercuri.vc,info@mercuri.vc
Newion,https://newion.com/,info@newion.com
Nina Capital,https://www.nina.capital/,info@nina.capital
Boğaziçi Ventures,http://www.bogaziciventures.com/,info@bogaziciventures.com
CyLon Ventures,https://www.cylonventures.com/,hello@cylonventures.com
Nesta Ventures,https://www.nesta.org.uk,information@nesta.org.uk
Microsoft Accelerator London,https://www.microsoftaccelerator.com/locations/london,msventures@microsoft.com
ProVeg Incubator,https://provegincubator.com/,info@provegincubator.com
Zee Prime Capital,https://zeeprime.capital,info@zeeprime.capital
SeedRocket,http://www.seedrocket.com/en,info@seedrocket.com
Shilling,https://www.shilling.vc/,team@shilling.vc
Primo Capital,https://primo.vc,info@primo.vc
Alliance VC,https://alliance.vc,hello@alliance.vc
PortfoLion Capital Partners,https://www.portfolion.hu/en/,info@portfolion.hu
Flyer One Ventures,https://flyerone.vc/,go@flyerone.vc
EIT Urban Mobility,https://www.eiturbanmobility.eu/impact-ventures/,investments@eiturbanmobility.eu
Caixa Capital,http://www.caixacapital.pt,geral@caixacapital.pt
Paris Business Angels,http://parisbusinessangels.com,contact@parisbusinessangels.com
Low Carbon Innovation Fund,http://www.lowcarbonfund.co.uk/LCIF/Index.action,lcif@uea.ac.uk
Faber,http://faber.vc,contact@faber.vc
United Ventures,https://unitedventures.com,info@unitedventures.it
4Founders Capital,http://www.4founderscapital.com/,info@4founderscapital.com
Emerge,https://emerge.education,hello@emerge.education
Innogest Capital,http://www.innogestcapital.com,info@innogest.it
Hardware.co,http://hardware.co,info@hardware.co
Swen Capital Partners,http://www.swen-cp.fr/,contact@swen-cp.fr
KAYA,https://www.kaya.vc/,info@kaya.vc
Endeavour Vision,http://www.endeavourvision.com,info@endeavourvision.com
Oikocredit International,http://www.oikocredit.coop/,info@oikocredit.org
Greyhound Capital,http://www.greyhoundcapital.com,info@greyhoundcapital.com
Brandenburg Kapital,https://www.brandenburg-kapital.de,eigenkapital@ilb.de
Centro de Incubação de Évora,https://anje.pt/linc/evora/,linc.evora@gmail.com
Serpentine Ventures,https://www.serpentine.vc,contact@serpentine.vc
KTH Holding,https://kthholding.se/,info@kth.se
SocialFare,http://socialfare.org/en/,info@socialfare.org
Revo Capital,http://www.revo.vc,info@revo.vc
C4 Ventures,http://c4v.com/,hello@c4v.com
KREAXI,http://www.kreaxi.com,contact@kreaxi.com
Visionaries Club,https://visionaries.vc,hi@visionariesclub.vc
E-Merge,http://www.emerge.be,info@emerge.be
seed + speed,http://www.seedandspeed.com,info@seedandspeed.de
Calculus Capital,http://www.calculuscapital.com/,info@calculuscapital.com
Maersk Growth,https://www.maersk.com/growth,growth@maersk.com
ABC Accelerator,https://abc-accelerator.com,info@abc-accelerator.com
xEdu,http://xedu.co/,info@xedu.co
Invest-NL,https://www.invest-nl.nl/,info@invest-nl.nl
Innovation Industries,https://www.innovationindustries.com,info@innovationindustries.com
TrueSight Ventures,https://www.truesight.vc,info@truesight.vc
Advent Life Sciences,http://www.adventls.com/,contact@adventLS.com
bm-t beteiligungsmanagement thuringen,https://www.bm-t.com/,info@bm-t.com
European Data Incubator,https://edincubator.eu,info@edincubator.eu
Expon Capital,http://www.exponcapital.com/,info@exponcapital.com
GapMinder VC,http://gapminder.vc/,contact@gapminder.vc
NVM Private Equity,http://www.nvm.co.uk,newcastle@nvm.co.uk
Bridges Fund Management,http://www.bridgesfundmanagement.com/,info@bridgesfundmanagement.com
Prime Ventures,http://www.primeventures.com,info@primeventures.com
LIFTT,https://www.liftt.com,info@liftt.com
NextStage,http://www.nextstage.com,info-investor@nextstage.com
Partnerinvest Norr,http://www.partnerinvestnorr.se,lena@partnerinvestnorr.se
Partners Group,http://www.partnersgroup.com,partnersgroup@partnersgroup.com
Ananda Impact Ventures,https://ananda.vc/,info@ananda.vc
Gorilla Capital,https://www.gorillacapital.fi/,petri@gorillacapital.fi
EASO Ventures,http://www.easoventures.com,easo@easoventures.com
DvH Ventures,http://dvhventures.de/,deals@dvhventures.de
Marshall Wace,https://www.mwam.com,mwam@mwam.com
Lundbeckfonden Ventures,https://lundbeckfonden.com,ventures@lundbeckfonden.com
Holland Capital,https://hollandcapital.nl,info@hollandventure.com
Galata Business Angels,http://www.galatabusinessangels.com,info@galatabusinessangels.com
iStarter,http://www.istarter.it,team@istarter.it
Burda Principal Investments,http://www.burdaprincipalinvestments.com/,investments@burda.com
RePie Asset Management,http://www.re-pie.com/,info@re-pie.com
Senovo,https://www.senovo.vc/,info@senovo.vc
Creator Fund,https://www.thecreatorfund.com/,hello@thecreatorfund.com
SevenVentures,http://sevenventures.de,info@sevenventures.de
The Austrian Research Promotion Agency (FFG),https://www.ffg.at,office@ffg.at
Woodford Investment Management,https://woodfordfunds.com/,info@woodfordfunds.com
Pitchdrive,https://www.pitchdrive.com,info@pitchdrive.com
NatWest Group,https://natwestgroup.com,in.service@rbs.com
BioGeneration Ventures,http://www.biogenerationventures.com,info@biogeneration.vc
BeAble Capital,http://www.beablecapital.com,info@beablecapital.com
Tera Ventures,https://tera.vc/,tera@tera.vc
ZAKA VC,https://zaka.vc/,hey@zaka.vc
IXO Private Equity,http://www.ixope.fr,contact@ixope.fr
TRICAPITAL,http://www.tricapital.co.uk,marketing@tricapital.co.uk
Oxford University Innovation,https://innovation.ox.ac.uk/,enquiries@innovation.ox.ac.uk
Forward Venture Capital,http://forwardvc.com/,info@forwardvc.com
Mastercard Start Path,https://startpath.mastercard.com,info@startpath.com
CommerzVentures,http://www.commerzventures.com,info@commerzventures.com
responsAbility Investments,http://www.responsability.com,info@responsAbility.com
3TS Capital Partners,http://www.3tscapital.com,info@3tscapital.com
Wellstreet,http://www.wellstreet.se,info@wellstreet.vc
HBAN,http://www.hban.org,info@hban.org
Rancilio Cube Sicaf,http://www.ranciliocubesicaf.com/,info@ranciliocube.com
Impulse VC,http://impulsevc.com,start@impulsevc.com
Baring Vostok Capital Partners,http://www.baring-vostok.com/,info@bvcp.ru
EV Private Equity,https://www.evprivateequity.no/,ap@evpe.com
Industri Udvikling A/S,http://www.industriudvikling.dk,iu@industriudvikling.dk
Fortino Capital,https://fortinocapital.com/,antwerp@fortinocapital.com
The Twenty Minute VC,http://www.thetwentyminutevc.com,amy@x.ai
Angular Ventures,http://www.angularventures.com,info@angularventures.com
henQ,https://henq.vc/,applications@henq.vc
M&G Investments,https://www.mandg.com/investments/hub?utm_source=vanity&utm_medium=301&utm_campaign=https://www.mandg.com/investments#,info@mandg.co.uk
Thuja Capital,http://thujacapital.com,mb@thujacapital.com
Vertis,https://www.vertis.it/,vertis@vertis.it
Albion Capital Group,https://www.albion.capital/,info@albion.capital
TIIN Capital,http://tiincapital.nl,dekoste@tiincapital.nl
ABN AMRO Fund,http://www.abnamro.nl,digital.impact.fund@nl.abanmro.com
Verlinvest,http://www.verlinvest.com,info-bru@verlinvest.com
EDFI ElectriFI,http://electrifi.eu,electrifi@edfimc.eu
Charlotte Street Capital,http://www.charlottestreetcapital.com,tom@charlottestreetcapital.com
METRO Xcel,http://www.metroaccelerator.com,info@metroaccelerator.com
Innovation Capital,http://www.innovationcapital.fr/,businessplan@innovationcapital.fr
Sweet Capital,http://www.sweetcapital.com,founders@sweetcapital.com
Change Ventures,http://www.changeventures.com,info@changeventures.com
Hg,http://www.hgcapital.com,info@hgcapital.com
BlackFin Capital Partners,https://www.blackfin.com/,contact@blackfin.com
Avonmore Developments,http://www.avonmoredevelopments.com,contact@avonmoredevelopments.com
Virgin Group,https://www.virgin.com/virgingroup,contactus@virgin.com
BY Venture Partners,https://byvp.com/,info@byvp.com
Indico Capital Partners,https://www.indicocapital.com/,investors@indicocapital.com
XTX Ventures,https://www.xtxmarkets.com/ventures/,ventures@xtxmarkets.com
SET Ventures,http://www.setventures.com/,info@setventures.com
Spintop Ventures,http://spintopventures.com,finn.persson@spintopventures.com
212,http://www.212.vc,info@212.vc
TLcom Capital Partners,http://www.tlcomcapital.com,info@tlcomcapital.com
Truffle Capital,http://www.truffle.com,contact@truffle.com
Market One Capital,http://www.moc.vc,office@moc.vc
German Federal Ministry of Education and Research,https://www.bmbf.de,information@bmbf.bund.de
Via ID,http://www.via-id.com/,hello@via-id.com
A Plus Finance,http://www.aplusfinance.com,contact@aplusfinance.com
tecnet equity,https://www.tecnet.at/,office@tecnet.at
Generis Capital Partners,http://www.generiscapital.com/index.html,generis@generiscapital.com
Pembroke VCT,http://www.pembrokevct.com/,info@pembrokevct.com
Samos Investments,http://www.samos.vc,contact@samos.vc
Luminar Ventures,https://www.luminarventures.com/,info@luminarventures.com
Mérieux Equity Partners,https://www.merieux-partners.com/,info@merieux-partners.com
Vesalius Biocapital Partners,http://www.vesaliusbiocapital.com,info@vesaliusbiocapital.com
Mobeus Equity Partners,https://www.mobeus.co.uk,info@mobeus.co.uk
MAIF Avenir,https://www.maif-avenir.fr/,contact@maif-avenir.com
Bcombinator Venture Partners,https://www.bcombinator.com/,info@bcombinator.com
CapMan,http://www.capman.com,info@capman.com
TT Ventures,https://ttventures.com.tr/,ttventures@turktelekom.com
Ferd,http://www.ferd.no,oppsigelse@ferd.no
LU Innovation,http://www.luinnovation.lu.se/en,info@innovation.lu.se
Fast Track Malmo,http://www.fasttrackmalmo.com/,nino@fasttrackmalmo.com
Cur8 Capital,https://cur8.capital,team@cur8.capital
Nordic Capital,http://www.nordiccapital.com,security@nordiccapital.com
IKIGAI,https://www.ikigaihub.it,info@ikigaihub.it
Kresge Foundation,http://kresge.org,stayconnected@kresge.org
South Central Ventures,http://sc-ventures.com/,info@sc-ventures.com
InMotion Ventures,https://www.inmotionventures.com,inmotion@jaguarlandrover.com
Neosfer,https://www.neosfer.com,info@neosfer.com
Novator,http://www.novator.co.uk,info@novator.co.uk
Jets Capital,https://jets.capital/,info@jetscapital.com
Boost Heroes,https://boostheroes.com/,loris@sharkbites.co
Galia Gestion,http://www.galia-gestion.com,contact@galia-gestion.com
Reaktor Ventures,http://reaktorventures.com,contact@reaktorventures.com
EXIST,http://www.exist.de,info@existstartupgermany.com
APEX Ventures,http://www.apex.ventures,office@apex.ventures
British Business Bank,http://british-business-bank.co.uk,info@british-business-bank.co.uk
Vsquared Ventures,https://www.vsquared.vc/,future@vsquared.vc
Specialist VC,https://www.specialist.vc/,gerri.kodres@unitedangels.vc
SHIFT Invest,http://www.shiftinvest.com/,info@shiftinvest.com
Viking Venture,http://www.vikingventure.com,saas@vikingventure.com
SpeedUp Venture Capital Group,http://speedupgroup.com,info@speedupgroup.com
Green Angel Ventures,http://www.greenangelsyndicate.com/,nick@greenangelsyndicate.com
West Hill Capital,http://www.westhillcapital.co.uk/,enquiries@westhillcapital.co.uk
"Founderheads,",https://founderheads.com,hello@founderheads.com
AQUITI Gestion,http://www.aquiti.fr,contact@aquiti.fr
Agentschap Innoveren & Ondernemen,http://www.vlaio.be,info@vlaio.be
The Spinoff,https://www.thespinoff.eu/,launch@thespinoff.eu
BackBone Ventures,https://www.backbone.vc,hello@bbventures.ch
Grosvenor Food & AgTech,http://www.grosvenor.com/food-agtech,GFA-Investment.Team@grosvenor.com
Investitionsbank Berlin,http://www.ibb.de,info@ibb.de
Permira,http://www.permira.com,media@permira.com
N1,https://n1.rocks/,marek@n1.rocks
Bynd Venture Capital,https://bynd.vc/,bynd@bynd.vc
Rubio Impact Ventures,https://www.rubio.vc,info@rubio.vc
Explorer Investments,http://www.explorerinvestments.com/,explorer@explorerinvestments.com
Graduate Entrepreneur Fund,https://www.graduate.nl/,hello@graduate.nl
AddVenture,http://addventure.vc,apply@addventure.vc
eQventure,http://www.eqventure.com/,office@eqventure.com
Lighthouse Ventures,https://lhv.vc,contact@lhv.vc
Black Pearls VC,http://blackpearls.vc/,office@blackpearls.vc
Clarendon Fund Managers,http://www.clarendon-fm.co.uk,info@clarendon-fm.co.uk
StartersHub,https://startershub.com,hello@startershub.com
HBM Partners,http://www.hbmpartners.com,lesieur@hbmcayman.com
Bonnier Ventures,http://www.bonnierventures.com,bv@bonnier.se
Monkfish Equity,http://www.monkfish-equity.com/,info@monkfish-equity.com
Nova Growth Capital,https://novagrowthcapital.co.uk,fund@novagrowthcapital.co.uk
ProSiebenSat.1 Accelerator,http://www.p7s1accelerator.com/,accelerator@prosiebensat1.com
Syngenta Ventures,https://www.syngentaventures.com,info@mriseed.com
Medicxi,https://www.medicxi.com,info@medicxi.com
Anterra Capital,http://www.anterracapital.com/,office@anterracapital.com
Altor,http://www.altor.com,info@altor.com
Sustainable Ventures,http://www.sustainableventures.co.uk,contact@sustainableventures.co.uk
Blossom Capital,http://www.blossomcap.com/,hello@blossomcap.com
CV VC,https://cvvc.com/,hello@cvvc.com
Technology Fund,http://technologyfund.ch/,info@technologiefonds.ch
BOOST&Co,http://boostandco.com/,info@boostandco.com
Digital Attraxion,https://www.digital-attraxion.com,info@digital-attraxion.com
Portfolio Ventures,https://portfolio.ventures/,hello@portfolio.ventures
TechOne VC,https://www.techone.vc/,info@techone.vc
Ace Capital Partners,https://www.ace-cp.com/,Paulgregory0000@gmail.com
Augmentum Fintech,https://augmentum.vc,info@augmentum.vc
J12,https://www.j12ventures.com/,hi@j12ventures.com
Startuplab,http://www.startuplab.no/,tonje@startuplab.no
Finberg,https://finberg.com.tr/#/,info@finberg.com.tr
Blackfinch Ventures,https://blackfinch.ventures/,ventures@blackfinch.com
Geovation,https://geovation.uk,admin@geovation.uk
Plug and Play Spain,https://www.plugandplaytechcenter.com/,scouting@pnptc.com
Rockaway Capital,http://www.rockawaycapital.com,investments@rockawaycapital.com
MITON,http://www.miton.cz,info@miton.cz
Ship2B,http://www.ship2b.org/,jdeantonio@ship2bventures.com
Hubraum,http://hubraum.com,contact@hubraum.com
Firestartr,http://www.firestartr.co,info@firestartr.co
TRAIL SOLUTIONS PATRIMOINE,http://www.trailsolutionspatrimoine.eu,infos@sigmagestion.com
Startup Lisboa,http://www.startuplisboa.com,joao.rosado@startuplisboa.com
Conector Startup Accelerator,http://www.conector.com,conector@conector.com
Schibsted Growth,http://schibstedgrowth.com/,hello@schibstedgrowth.com
Zouk Capital,http://www.zouk.com,info@zouk.com
Quadrille Capital,http://www.quadrillecapital.com/,Johrenk7@gmail.com
Hexa,https://www.hexa.com,love@hexa.cc
Innovatiefonds Noord-Holland,http://www.innovatiefondsnoordholland.nl,info@innovatiefondsnoordholland.nl
Buildit VC,http://www.buildit.lv,buildit@buildit.lv
Martlet Capital,http://www.martletcap.com,contactus@martletcap.com
Castrum Capital,https://castrum.capital/,cc@castrum.istanbul
OneRagtime,https://www.oneragtime.com/,contact@oneragtime.com
Flow Traders,https://www.flowtraders.com/strategic-capital/,fscholten@flowtraders.com
AI Seed,http://aiseed.co,hello@aiseed.co
Moonrock Capital,https://www.moonrockcapital.io/,contact@moonrockcapital.io
StartLife,https://startlife.nl/,info@startlife.nl
Angel Investment Network,https://www.angelinvestmentnetwork.co.uk/,info@angelinvestmentnetwork.co.uk
Next Media Accelerator,http://www.nma.vc/,info@nma.vc
I-Source Gestion,http://www.isourcevc.com,info@isourcegestion.fr
WestTech Ventures,https://www.westtechventures.com/,pitch@westtechventures.com
Helios Investment Partners,http://heliosinvestment.com,info@heliosllp.com
Better Angle,https://www.better-angle.com/,contact@better-angle.com
Allianz X,https://www.allianzx.com,allianzx@allianz.com
ING Ventures,https://www.ingwb.com/en/corporate-investments/ing-ventures,ventures@ing.com
Prototron,http://www.prototron.ee,jana@prototron.ee
IDIA Capital Investissement,https://www.ca-idia.com,contact@ca-idia.com
Angel Academe,http://www.angelacademe.com,michelle@angelacademe.com
Pi Campus,http://www.picampus.it,welcome@picampus.it
Enterprise Equity,http://www.enterpriseequity.ie,info@enterpriseequity.ie
CM-CIC Capital Prive,http://www.cmciccapitalprive.com,capitalprive@cmcic.fr
Drukka Startup Studio,http://drukka.com/services#startup,info@drukkamarketing.hu
Moonfire Ventures,https://moonfire.com,hq@moonfire.com
Ring Capital,http://www.ringcp.com,contact@ringcp.com
Hi Inov - Dentressangle,http://www.hiinov.com/,contact@hiinov.com
Diffusion Capital Partners,http://www.dcp.vc,contact@dcp.vc
Bullnet Capital,http://www.bullnetcapital.com/,julecia@bullnetcapital.com
SMOK Ventures,http://smok.vc/,smok@smok.vc
VEF,https://vef.vc,henrik@vef.vc
Anaxago,http://www.anaxago.com,investir@anaxago.com
Enjoyventure Management,http://www.enjoyventure.vc,office@enjoyventure.de
DOEN Participaties,https://www.doen.nl/doen-participaties-en/portfolio.htm,linda@doen.nl
H14,http://www.h14.it/,amministrazione@h14.it
NCA,http://nca.vc,info@nca.vc
The Delta,https://www.thedelta.io,info@thedelta.io
KIZOO Technology Capital,http://www.kizoo.com,ventures@kizoo.com
Skolkovo Foundation,http://sk.ru,invest@sk.ru
Nanabianca,http://nanabianca.it,projects@nanabianca.it
Neomed Management,http://neomed.net,prjensen@neomed.net
Aboa Venture Management,http://www.aboaventure.fi,heikki.tuomaala@aboaventure.fi
BB Biotech Ventures,http://www.bbbiotechventures.com,info@bellevue.ch
AIB Seed Capital Fund,http://www.aibseedcapitalfund.ie,info@dbic.ie
Data Pitch,https://datapitch.eu/,info@datapitch.eu
VentureFounders,http://venturefounders.co.uk,info@venturefounders.co.uk
Neulogy Ventures,http://www.neulogy.vc/,info@neulogy.vc
DIG Ventures,http://dig.ventures,hello@dig.ventures
Voima Ventures,https://voimaventures.com/,hello@voimaventures.com
TechVision Fund,https://www.TechVision-Fonds.de,info@techvision-fonds.de
Matterwave Ventures,http://www.matterwave.vc,info@matterwave.vc
J&T Ventures,http://jtventures.cz/en/,info@jtventures.cz
Amundi Private Equity Funds,http://www.amundi.com,contact-pef@amundi.com
Seroba Life Sciences,http://www.seroba-lifesciences.com/,firstnamesurname@seroba-lifesciences.com
Capital Cell,https://capitalcell.es,info@capitalcell.net
EDP Ventures,https://www.edpventures.vc/,edpventures@edp.com
Cemex Ventures,http://www.cemexventures.com/,aparicio.cristina@cemexventures.com
FTTF,https://fttf.vc,info@fttf.eu
Bright Capital,http://bright-capital.com,businessplan@bright-capital.com
austria Wirtschaftsservice (aws),http://www.awsg.at,24h-auskunft@aws.at
Dutch Crypto Investors,https://dutchcryptoinvestors.com,info@dutchcryptoinvestors.com
Principia SGR,http://www.principiasgr.it,info@principiasgr.it
Openfund,http://www.theopenfund.com,info@theopenfund.com
Creadev,https://www.creadev.com/en,contact@creadev.fr
Gorilla Ventures Oy,http://www.gorillaventures.fi,petri.lehmuskoski@gorillaventures.fi
Vendep Capital,https://www.vendep.com,info@vendep.com
Sure Valley Ventures,https://surevalleyventures.com,info@surevalleyventures.com
Pollen Street Capital,http://www.pollenstreetgroup.com/,info@pollencap.com
FSN Capital Partners,http://fsncapital.com,admin@fsncapital.com
Scottish EDGE,https://scottishedge.com/,richard.gibson@scottishedge.com
70Ventures,https://www.70v.com,hello@70ventures.com
Illusian Founder Office,https://illusian.org/,firstname.lastname@illusian.org
Statkraft Ventures,http://www.statkraftventures.com/,info@statkraftventures.com
KR1,https://KR1.io/,team@KR1.io
CDP Equity,https://www.cdpequity.it/,info@cdpequity.it
Crescent Capital,http://www.crescentcapital.co.uk,info@crescentcapital.co.uk
Symvan Capital,https://www.symvancapital.com/,info@symvancapital.com
Open Data Incubator for Europe (ODINE),https://opendataincubator.eu/,info@opendataincubator.eu
Societe Generale Asset Management,http://www.sgam-ai.com,hedgefunds@sgam.com
Inflexion,http://www.inflexion.com,info@inflexion.com
Active Partners,https://active.partners/,enquiries@apeq.co.uk
Educapital,https://www.educapital.fr,contact@educapital.fr
AENU,https://www.aenu.com,hello@aenu.com
First Momentum Ventures,https://firstmomentum.vc,founders@firstmomentum.vc
European Investment Fund,http://www.eif.org,Edwardsarnold05@gmail.com
Contrarian Ventures,http://cventures.vc/,info@cventures.vc
Demium,https://demium.com,hello@demium.com
E3 Capital,https://e3-cap.com/,info@eavafrica.com
Insurtech Gateway,http://www.insurtechgateway.com,opensesame@insurtechgateway.com
dmg ventures,https://www.dmgventures.co.uk/,info@dmgventures.co.uk
Redline Capital,http://redline-capital.com/,london@redline-capital.com
O2h Ventures,http://www.o2hventures.com/,invest@o2h.com
Beyond Capital,https://www.joinbeyond.co/fund,will@joinbeyond.co
Esas Ventures,http://www.esasventures.com/,info@esasventures.com
Souter Investments,http://www.souterinvestments.com,info@souterinvestments.com
FORWARD.one,http://www.forward.one,info@forward.one
Dementia Discovery Fund,https://www.ddf.vc,ddf2deals@svhealthinvestors.com
Trind Ventures,http://trind.vc/,trind@trind.vc
BlueOrchard Finance S A,http://www.blueorchard.com,info@blueorchard.com
Polytech Ventures,https://polytechecosystem.vc,investor@polytechventure.lu
Korelya Capital,http://www.korelyacapital.com,korelya@korelyacapital.com
Cambridge Capital Group,http://www.cambridgecapitalgroup.co.uk,info@cambridgecapital.com
Blue Wire Capital,http://www.bluewirecapital.com/,info@bluewirecapital.com
Swiss Founders Fund,http://www.sff.vc/,contact@sff.vc
Lanai Partners,http://lanaipartners.com/,info@lanaipartners.com
KWORKS Koç University Entrepreneurship Research Center,http://kworks.ku.edu.tr,kworks@ku.edu.tr
Entrepreneurs Fund,http://www.entrepreneursfund.com,info@entrepreneursfund.com
IRDI SORIDEC Gestion,https://www.irdi.fr,contact.bordeaux@irdi.fr
Munich Venture Partners,http://www.munichvp.com,info@munichvp.com
Atlante Ventures,,elite@borsaitaliana.it
Conor Venture Partners,http://www.conor.vc,info@conor.vc
Happy Farm Business Accelerator,http://www.happyfarm.com.ua/,info@happyfarm.com.ua
Quantonation,http://www.quantonation.com,christophe@quantonation.com
Laser Digital,https://www.laserdigital.com/,inquiries@laserdigital.com
Hiro Capital,https://hiro.capital/,enquiries@hiro.capital
Launchbay Capital,https://launchbaycapital.com,hello@launchbaycapital.com
Keen Venture Partners,http://www.keenventurepartners.com/,info@keenventurepartners.com
Crowberry Capital,http://crowberrycapital.com/,hello@crowberrycapital.com
ADV,https://accelerated.ventures/founders/,hello@accelerated.ventures
2Shares,https://2shares.fund,vip@2shares.fund
Metavallon VC,http://www.metavallon.vc,contactus@metavallon.vc
LVL1 Group,https://lvl1group.com,contact@lvl1group.com
Yabeo,http://yabeo.de/,info@yabeo.de
Spark Ventures,http://www.sparkventuremanagement.com,enquires@sparkventures.com
Tarvenn Ventures,https://tarvenn.com/en/,info@tarvenn.com
Opes Impact Fund,http://www.opesfund.eu,info@opesfund.eu
Inventures SA,http://inventures.fund,info@mymicroinvest.com
TRGC,http://trgc.io/,hello@trgc.io
PeakBridge,https://peakbridge.vc,martina@peakbridge.vc
Early Game Ventures,https://earlygame.vc,hello@earlygame.vc
SmartFin,http://www.smartfinvc.com,info@smartfinvc.com
IW Capital,http://iwcapital.co.uk/,info@iwcapital.co.uk
Btomorrow Ventures,https://www.btomorrowv.com,contact@btomorrowv.com
Frog Capital,http://www.frogcapital.com,reception@frogcapital.com
BaltCap,http://www.baltcap.com,info@baltcap.com
Swedfund International,http://www.swedfund.se/en,info@swedfund.se
Korys,http://www.korys.be/,enquiries@korys.be
another.vc,https://www.another.vc,hello@another.vc
DOB Equity,http://www.dobequity.nl,Deanbridges99@gmail.com
Aggregate Media,http://www.aggregatemedia.com,info@aggregatemedia.com
Media Ventures,http://mediaventures.de,info@mediaventures.de
Mola,https://www.mola.com/,info@mola.com
3wVentures,http://www.3wventures.com,info@3wventures.com
Apis Partners,http://apis.pe/,info@apis.pe
OTB Ventures,http://otb.vc/,contact@otb.vc
NLC,https://nlc.health/,info@nlc.health
Aqua Spark,http://www.aqua-spark.nl,info@aqua-spark.nl
InReach Ventures,http://www.inreachventures.com,info@inreachventures.com
EquityPitcher Ventures,https://equitypitcher.com/,info@equitypitcher.com
Sciety,https://www.sciety.com/,financing@sciety.se
G1 Ventures,https://g1.vc/,team@g1.vc
CABRA VC,http://www.cabra.vc,info@cabra.vc
FunFair Ventures,https://funfair.ventures,projects@funfair.ventures
SIDE Capital,http://www.side-capital.com/,contact@side-capital.com
Seier Capital,http://www.seiercapital.com/,info@seiercapital.com
Active Venture Partners,http://www.active-vp.com,soderberg@active-vp.com
Western Development Commission,https://westerndevelopment.ie/,info@wdc.ie
